Book Id,Title,Author,Author l-f,Additional Authors,ISBN,ISBN13,My Rating,Average Rating,Publisher,Binding,Number of Pages,Year Published,Original Publication Year,Date Read,Date Added,Bookshelves,Bookshelves with positions,Exclusive Shelf,My Review,Spoiler,Private Notes,Read Count,Owned Copies
213243908,"First-Time Caller (Heartstrings, #1)",B.K. Borison,"Borison, B.K.",,"=""0593641191""","=""9780593641194""",0,4.04,Berkley,Paperback,448,2025,2025,,2025/06/02,currently-reading,currently-reading (#3),currently-reading,,,,1,0
75396525,"The Coven (Coven of Bones, #1)",Harper L. Woods,"Woods, Harper L.",,"=""""","=""""",0,3.73,,Kindle Edition,298,2023,2023,,2025/05/30,to-read,to-read (#36),to-read,,,,0,0
58902005,"My Funny Demon Valentine (Hell Bent, #1)",Aurora Ascher,"Ascher, Aurora",,"=""1777853206""","=""9781777853204""",0,3.78,,Kindle Edition,360,2021,2021,,2025/05/30,to-read,to-read (#35),to-read,,,,0,0
223362942,The Carver (Fifth Republic #2),Penelope Sky,"Sky, Penelope",,"=""""","=""""",0,4.29,Hartwick Publishing,Kindle Edition,318,2025,,2025/05/09,2025/05/11,,,read,,,,1,0
221784786,"The Butcher (Fifth Republic, #1)",Penelope Sky,"Sky, Penelope",,"=""""","=""""",0,3.93,Hartwick Publishng,Kindle Edition,302,2025,,2025/05/06,2025/05/06,,,read,,,,1,0
57101782,"Carnal Urges (Queens & Monsters, #2)",J.T. Geissinger,"Geissinger, J.T.",,"=""""","=""""",3,4.24,"J.T. Geissinger, Inc.",Kindle Edition,356,2021,2021,2025/05/04,2025/05/05,,,read,,,,1,0
219714705,Airpeen,Holly  Wilde,"Wilde, Holly",,"=""""","=""""",5,3.24,,Kindle Edition,39,2024,,2025/05/02,2025/05/04,,,read,Sighs...I’m freaking wheezing ,true,,1,0
210825471,"King of Envy (Kings of Sin, #5)",Ana Huang,"Huang, Ana",,"=""""","=""""",0,4.10,,Kindle Edition,530,2025,2025,,2025/05/04,to-read,to-read (#34),to-read,,,,0,0
204593914,"Phantasma (Wicked Games, #1)",Kaylie Smith,"Smith, Kaylie",,"=""1538769255""","=""9781538769256""",0,4.08,Forever,Paperback,497,2024,2024,,2025/04/24,to-read,to-read (#33),to-read,,,,0,0
213650748,"Wild and Wrangled (Rebel Blue Ranch, #4)",Lyla Sage,"Sage, Lyla",,"=""""","=""""",5,4.02,,ebook,368,2025,2025,2025/04/23,2025/04/23,,,read,,,,1,0
53401676,Excuse Me While I Ugly Cry,Joya Goffney,"Goffney, Joya",,"=""0063024810""","=""9780063024816""",0,4.07,HarperTeen,ebook,368,2021,2021,,2025/04/14,to-read,to-read (#32),to-read,,,,0,0
202547922,"Off to the Races (Gold Rush Ranch, #1)",Elsie Silver,"Silver, Elsie",,"=""1464220778""","=""9781464220777""",0,3.71,Bloom Books,Paperback,480,2024,2021,,2025/04/14,currently-reading,currently-reading (#2),currently-reading,,,,1,0
38233153,"Sinner (Priest, #2)",Sierra Simone,"Simone, Sierra",,"=""""","=""""",3,3.91,,Kindle Edition,400,2018,2018,2025/04/10,2025/04/13,,,read,,,,1,0
206673322,"Lost and Lassoed (Rebel Blue Ranch, #3)",Lyla Sage,"Sage, Lyla",,"=""1529436729""","=""9781529436723""",5,4.21,Quercus,Kindle Edition,368,2024,2024,2025/04/13,2025/02/18,,,read,,,,1,0
212808709,Deep End,Ali Hazelwood,"Hazelwood, Ali",,"=""""","=""""",4,3.93,Berkley,Kindle Edition,464,2025,2025,2025/04/03,2025/04/02,,,read,,,,1,0
58176118,Carnage Island (Reject Island),Lexi C. Foss,"Foss, Lexi C.",,"=""1954183437""","=""9781954183438""",0,4.14,Ninja Newt Publishing,Kindle Edition,393,2021,2021,,2025/03/21,to-read,to-read (#31),to-read,,,,0,0
59411151,"The Piece That Fits (Offstage, #1)",N.J.  Gray,"Gray, N.J.",,"=""""","=""""",3,3.88,,Kindle Edition,288,2021,2021,2025/03/13,2025/03/15,,,read,,,,1,0
209439446,"Onyx Storm (The Empyrean, #3)",Rebecca Yarros,"Yarros, Rebecca",,"=""1649374186""","=""9781649374189""",0,4.22,Red Tower Books,Hardcover,527,2025,2025,2025/02/26,2024/07/12,,,read,,,,1,0
195532965,"Swift and Saddled (Rebel Blue Ranch, #2)",Lyla Sage,"Sage, Lyla",,"=""059373243X""","=""9780593732434""",5,3.92,Dial Press Trade Paperback,Paperback,320,2024,2024,2025/02/18,2025/02/15,,,read,,,,1,0
123179008,"Done and Dusted (Rebel Blue Ranch, #1)",Lyla Sage,"Sage, Lyla",,"=""""","=""9798987781302""",3,3.83,Lyla Sage,Kindle Edition,356,2023,2023,2025/02/15,2024/08/14,,,read,,,,1,0
123852869,"Morning Glory Milking Farm (Cambric Creek, #1)",C.M. Nascosta,"Nascosta, C.M.",,"=""1736546619""","=""9781736546611""",4,3.68,Meduas Editoriale,Paperback,247,2021,2021,2025/02/08,2025/02/06,,,read,"I didn’t think minotaurs could be sexy, but here we are. <br/><br/>Read this book in a day so I was clearly invested ",,,1,0
53286911,"Beneath the Stars (Sugarlake, #1)",Emily McIntire,"McIntire, Emily",,"=""""","=""""",2,3.92,,ebook,408,2020,2020,,2025/02/06,,,read,,,,1,0
146398645,Pay-Per-Heart,Grace McGinty,"McGinty, Grace",,"=""""","=""""",0,4.04,,Kindle Edition,347,2023,2023,,2025/02/06,to-read,to-read (#30),to-read,,,,0,0
216475536,Pounded by Produce,G.M. Fairy,"Fairy, G.M.",,"=""""","=""9798991447034""",0,3.68,G.M. Fairy Books,Kindle Edition,203,2025,,,2025/02/06,to-read,to-read (#29),to-read,,,,0,0
85164835,"Nero (Alliance, #1)",S.J. Tilly,"Tilly, S.J.",,"=""""","=""""",4,3.84,,Kindle Edition,368,2023,2023,2025/02/01,2025/02/05,,,read,,,,1,0
214037675,"Wyatt (Lucky River Ranch, #2)",Jessica  Peterson,"Peterson, Jessica",,"=""""","=""""",5,4.05,,Kindle Edition,362,2024,2024,2025/01/25,2025/01/25,,,read,,,,1,0
216734941,"Cash (Lucky River Ranch, #1)",Jessica  Peterson,"Peterson, Jessica",,"=""""","=""""",5,4.08,,Paperback,423,2024,2024,2025/01/21,2025/01/18,,,read,"Yeehaw and pass the sweet tea!! Loved everything about this book, and the communication between the main characters was flawless! ",,,1,0
75572114,"Latte Darling (Darling, #2)",S.J. Tilly,"Tilly, S.J.",,"=""""","=""""",4,4.11,,Kindle Edition,388,2023,2022,2025/01/18,2024/12/20,,,read,,,,1,0
75572077,"Smoky Darling (Darling, #1)",S.J. Tilly,"Tilly, S.J.",,"=""""","=""""",3,3.96,Amazon,Kindle Edition,350,2023,,2025/01/16,2025/01/16,,,read,,,,1,0
204538483,"The Striker (Gods of the Game, #1)",Ana Huang,"Huang, Ana",,"=""""","=""""",0,3.77,,Kindle Edition,595,2024,2024,,2025/01/10,to-read,to-read (#28),to-read,,,,0,0
53784985,Snowed In,Navessa Allen,"Allen, Navessa",,"=""0463059948""","=""9780463059944""",0,3.90,,Kindle Edition,336,2020,,2025/01/10,2025/01/06,dnf,dnf (#2),read,,,,1,0
123194693,"Pucking Around (Jacksonville Rays, #1)",Emily Rath,"Rath, Emily",,"=""""","=""9798987793312""",0,3.77,Emily Rath Books,Kindle Edition,756,2023,2023,,2025/01/10,currently-reading,currently-reading (#1),currently-reading,,,,1,0
123194683,"That One Night (Jacksonville Rays, #0.5)",Emily Rath,"Rath, Emily",,"=""""","=""""",3,4.07,Emily Rath Books,Kindle Edition,124,2023,,2025/01/10,2025/01/10,,,read,,,,1,0
56552407,"Reborn (Shadow Beast Shifter, #3)",Jaymin Eve,"Eve, Jaymin",,"=""""","=""""",3,4.28,,Kindle Edition,440,2021,2021,2025/01/04,2025/01/01,,,read,,,,1,0
217562358,"Caught Up (Into Darkness, #2)",Navessa Allen,"Allen, Navessa",,"=""1529442443""","=""9781529442441""",0,4.26,Quercus,Kindle Edition,326,2025,2025,,2025/01/06,to-read,to-read (#27),to-read,,,,0,0
201017011,"Lights Out (Into Darkness, #1)",Navessa Allen,"Allen, Navessa",,"=""""","=""""",4,4.16,,Kindle Edition,338,2024,2024,2025/01/06,2025/01/06,,,read,,,,1,0
56220780,"Reclaimed (Shadow Beast Shifters, #2)",Jaymin Eve,"Eve, Jaymin",,"=""""","=""""",4,4.34,Amazon Digital Services,Kindle Edition,386,2021,2021,2024/12/31,2024/12/25,,,read,,,,1,0
55189382,"Rejected (Shadow Beast Shifters, #1)",Jaymin Eve,"Eve, Jaymin",,"=""""","=""""",4,4.16,,Kindle Edition,399,2020,2020,2024/12/25,2024/12/13,,,read,,,,1,0
59046399,"The Tyrant Alpha's Rejected Mate (Five Packs, #1)",Cate C. Wells,"Wells, Cate C.",,"=""""","=""""",0,3.83,,Kindle Edition,382,2021,2021,,2024/12/20,to-read,to-read (#26),to-read,,,,0,0
94577013,"Take My Daddy, I'll Take Yours",Jenika Snow,"Snow, Jenika",,"=""""","=""""",3,3.56,Jenika Snow,Kindle Edition,140,2023,2023,2024/12/13,2024/12/16,,,read,,,,1,0
62322599,"Highest Bidder (Salacious Players Club, #5)",Sara Cate,"Cate, Sara",,"=""""","=""""",4,4.03,,Kindle Edition,336,2023,2023,2024/12/10,2024/12/16,,,read,,,,1,0
125310117,The Perfect Fit,Sadie Kincaid,"Kincaid, Sadie",,"=""1915663334""","=""9781915663337""",0,4.09,Red House Press,Kindle Edition,420,2023,2023,,2024/12/13,to-read,to-read (#25),to-read,,,,0,0
209994498,Don't Call Me Daddy (Ashford Falls #1),Jeré Anthony,"Anthony, Jeré",,"=""""","=""""",0,3.95,,Kindle Edition,470,2024,,2024/11/25,2024/11/13,,,read,,,,1,0
61767292,"Icebreaker (UCMH, #1)",Hannah  Grace,"Grace, Hannah",,"=""""","=""""",0,3.76,Pig & Bear Publishing,Kindle Edition,447,2022,2022,2024/11/13,2024/08/14,,,read,,,,1,0
213867329,Taken by my TBR: A Sentient Object Story,Holly  Wilde,"Wilde, Holly",,"=""""","=""""",3,3.17,,Kindle Edition,67,2024,,2024/11/07,2024/11/07,,,read,This was definitely a unique read. I sort of…liked it ,,,1,0
202468452,Love and Other Conspiracies,Mallory Marlowe,"Marlowe, Mallory",,"=""059364008X""","=""9780593640081""",4,3.93,Berkley,Paperback,368,2024,2024,2024/11/07,2024/11/07,,,read,,,,1,0
216787980,Tackled in the Stacks (Love Letters #0.5),S.J. Tilly,"Tilly, S.J.",,"=""1962096130""","=""9781962096133""",0,4.30,S.J. Tilly LLC,Kindle Edition,130,2024,,,2024/11/07,to-read,to-read (#24),to-read,,,,0,0
215107606,"Dear Rosie, (Love Letters #2)",S.J. Tilly,"Tilly, S.J.",,"=""1962096122""","=""9781962096126""",4,4.23,S.J. Tilly LLC,Kindle Edition,438,2024,,2024/11/07,2024/11/07,,,read,,,,1,0
214131996,"Love, Utley (Love Letters, #1)",S.J. Tilly,"Tilly, S.J.",,"=""1962096106""","=""9781962096102""",4,4.10,S.J. Tilly LLC,Paperback,428,2024,,2024/11/05,2024/11/07,,,read,,,,1,0
58743609,"The Rycke (Monstrous, #3)",Lily Mayne,"Mayne, Lily",,"=""""","=""""",5,4.28,Independently published,Kindle Edition,330,2021,2021,2024/11/02,2024/09/06,,,read,,,,1,0
58107402,"Edin (Monstrous, #2)",Lily Mayne,"Mayne, Lily",,"=""""","=""""",5,4.24,,Kindle Edition,410,2021,2021,2024/08/21,2024/08/19,,,read,,,,1,0
199261152,A Novel Love Story,Ashley Poston,"Poston, Ashley",,"=""0593640977""","=""9780593640975""",4,3.63,Berkley,Paperback,368,2024,2024,2024/09/05,2024/09/06,,,read,,,,1,0
32616656,Stuffed by the Were-Turkey (Shifter Holiday Erotica),Tate McKirk,"McKirk, Tate",,"=""""","=""""",1,2.15,,Kindle Edition,13,2015,,2024/09/06,2024/09/06,weird-ass-books-i-ve-read,weird-ass-books-i-ve-read (#4),read,I think I am questioning how far I’ve strayed in such a short amount of time in the romance world and my taste in literature but I’m here for the vibes ,,,1,0
58114709,"Soul Eater (Monstrous, #1)",Lily Mayne,"Mayne, Lily",,"=""""","=""""",4,4.24,Lily Mayne,Kindle Edition,329,2021,2021,2024/08/18,2024/08/14,,,read,,,,1,0
125588313,The Morning Wood Tree,Siggy Shade,"Shade, Siggy",,"=""""","=""""",3,3.57,,Kindle Edition,248,2023,,2024/08/16,2024/08/14,,,read,,,,1,0
174753697,"Hopeless (Chestnut Springs, #5)",Elsie Silver,"Silver, Elsie",,"=""""","=""""",4,4.10,Elsie Silver Literary Inc.,Kindle Edition,486,2023,2023,2024/07/31,2024/07/31,,,read,,,,1,0
206008753,"Impromptu Match (Goliaths of Wrestling, #1)",Lily Mayne,"Mayne, Lily",,"=""""","=""""",0,4.13,,Kindle Edition,422,2024,2024,,2024/08/14,to-read,to-read (#23),to-read,,,,0,0
202766416,Pole Position,Rebecca J. Caffery,"Caffery, Rebecca J.",,"=""0008684863""","=""9780008684860""",0,3.60,"One More Chapter, Harper Collins",Paperback,367,2024,2024,,2024/08/09,to-read,to-read (#22),to-read,,,,0,0
123853225,"Morbidly Yours (Love in Galway, #1)",Ivy Fairbanks,"Fairbanks, Ivy",,"=""""","=""9798218176556""",0,3.93,Lassen Press,Paperback,328,2023,2023,,2024/08/09,to-read,to-read (#21),to-read,,,,0,0
217206738,"King of Wrath (Kings of Sin, #1)",Ana Huang,"Huang, Ana",,"=""""","=""""",5,4.05,,Kindle Edition,398,2022,2022,,2024/08/08,,,read,,,,3,0
122773589,Breeding with Bigfoot,Siggy Shade,"Shade, Siggy",,"=""""","=""""",0,3.15,,Kindle Edition,266,2023,,2024/08/04,2024/08/07,weird-ass-books-i-ve-read,weird-ass-books-i-ve-read (#3),read,,,,1,0
62870031,Jack's Head,Siggy Shade,"Shade, Siggy",,"=""""","=""9798354152278""",0,3.60,,Kindle Edition,106,2022,,2024/08/01,2024/08/07,weird-ass-books-i-ve-read,weird-ass-books-i-ve-read (#2),read,,,,2,0
199313243,Get in My Swamp (Get in My Swamp #1),G.M. Fairy,"Fairy, G.M.",,"=""""","=""9798215196236""",0,3.09,,ebook,0,2023,,2024/07/31,2024/08/07,weird-ass-books-i-ve-read,weird-ass-books-i-ve-read (#1),read,,,,1,0
55533831,"Rosaline Palmer Takes the Cake (Winner Bakes All, #1)",Alexis  Hall,"Hall, Alexis",,"=""""","=""""",1,3.88,Forever,Kindle Edition,449,2021,2021,2024/08/02,2024/07/12,dnf,dnf (#1),read,,,,1,0
63031640,"Powerless  (Chestnut Springs, #3)",Elsie Silver,"Silver, Elsie",,"=""""","=""""",5,4.06,,Kindle Edition,504,2023,2023,2024/07/31,2024/07/25,,,read,,,,1,0
125460757,"Heartless (Chestnut Springs, #2)",Elsie Silver,"Silver, Elsie",,"=""172829701X""","=""9781728297019""",4,4.38,Bloom Books,Paperback,432,2023,2022,2024/07/25,2024/07/23,,,read,,,,1,0
60755618,"Flawless (Chestnut Springs, #1)",Elsie Silver,"Silver, Elsie",,"=""""","=""""",5,4.04,Elsie Silver via Amazon Digital Services,Kindle Edition,424,2022,2022,2024/07/22,2024/07/12,,,read,,,,1,0
195820807,"Just for the Summer (Part of Your World, #3)",Abby Jimenez,"Jimenez, Abby",,"=""1538704439""","=""9781538704431""",5,4.37,Forever,Paperback,432,2024,2024,2024/07/20,2024/07/12,,,read,"This book was a five-star read for me! I absolutely loved every second of it, especially the two main characters. I’ve never rooted for a couple as much as I did for Emma and Justin. Their journey through trauma and hardship was captivating which made their connection even more special in the end. Even the supporting characters were well-written and fit into the overall story well. ",,,1,0
56269205,"Empire of the Vampire (Empire of the Vampire, #1)",Jay Kristoff,"Kristoff, Jay",Bon Orthwick,"=""1250245281""","=""9781250245281""",0,4.33,St. Martin's Press,Hardcover,739,2021,2021,,2024/07/20,to-read,to-read (#20),to-read,,,,0,0
59737396,"You, with a View",Jessica  Joyce,"Joyce, Jessica",,"=""059354840X""","=""9780593548400""",3,4.08,Berkley,Paperback,352,2023,2023,2024/07/01,2024/07/12,,,read,,,,1,0
34728667,"Children of Blood and Bone (Legacy of Orïsha, #1)",Tomi Adeyemi,"Adeyemi, Tomi",,"=""1250170974""","=""9781250170972""",3,4.11,Henry Holt Company,Hardcover,544,2018,2018,,2024/07/12,,,read,,,,1,0
205790291,Carnal Desire,M.  James,"James, M.",,"=""""","=""""",3,3.74,PNK Publishing,Kindle Edition,322,2024,,,2024/07/12,,,read,,,,1,0
58438593,The Soulmate Equation,Christina Lauren,"Lauren, Christina",,"=""1982171111""","=""9781982171117""",0,3.99,Gallery Books,Paperback,360,2022,2021,,2024/07/12,to-read,to-read (#19),to-read,,,,0,0
62361081,The True Love Experiment,Christina Lauren,"Lauren, Christina",,"=""1982173432""","=""9781982173432""",0,4.08,Gallery Books,Hardcover,409,2023,2023,,2024/07/12,to-read,to-read (#18),to-read,,,,0,0
121764710,"Mixed Signals (Lovelight, #3)",B.K. Borison,"Borison, B.K.",,"=""0593641167""","=""9780593641163""",0,3.97,Berkley,Kindle Edition,335,2022,2022,,2024/07/12,to-read,to-read (#17),to-read,,,,0,0
201145400,"Love Unwritten (Lakefront Billionaires, #2)",Lauren Asher,"Asher, Lauren",,"=""""","=""""",0,4.09,,Kindle Edition,551,2024,2024,,2024/07/12,to-read,to-read (#16),to-read,,,,0,0
199070596,"Love Redesigned (Lakefront Billionaires, #1)",Lauren Asher,"Asher, Lauren",,"=""""","=""""",0,4.02,,Kindle Edition,530,2023,2023,,2024/07/12,to-read,to-read (#15),to-read,,,,0,0
199368721,"Wild Love (Rose Hill, #1)",Elsie Silver,"Silver, Elsie",,"=""0349441626""","=""9780349441627""",0,4.03,Piatkus,Kindle Edition,466,2024,2024,,2024/07/12,to-read,to-read (#14),to-read,,,,0,0
58537382,Business Not As Usual,Sharon C. Cooper,"Cooper, Sharon C.",,"=""0593335252""","=""9780593335253""",0,3.75,Berkley,Paperback,320,2022,2022,,2024/07/12,to-read,to-read (#13),to-read,,,,0,0
60717747,"Half a Soul (Regency Faerie Tales, #1)",Olivia Atwater,"Atwater, Olivia",,"=""""","=""9780316462808""",0,4.06,Orbit,Kindle Edition,304,2022,2020,,2024/07/12,to-read,to-read (#12),to-read,,,,0,0
32822135,Archer's Voice,Mia Sheridan,"Sheridan, Mia",,"=""1538727374""","=""9781538727379""",0,4.18,Forever,ebook,377,2016,2014,,2024/07/12,to-read,to-read (#11),to-read,,,,0,0
173403954,Torn,Carian Cole,"Cole, Carian",,"=""1538765985""","=""9781538765982""",0,4.03,Forever,Paperback,480,2024,2016,,2024/07/12,to-read,to-read (#10),to-read,,,,0,0
52831200,"From Blood and Ash (Blood and Ash, #1)",Jennifer L. Armentrout,"Armentrout, Jennifer L.",,"=""1952457017""","=""9781952457012""",0,4.22,Blue Box Press,ebook,622,2020,2020,,2024/07/12,to-read,to-read (#9),to-read,,,,0,0
60784546,"Divine Rivals (Letters of Enchantment, #1)",Rebecca   Ross,"Ross, Rebecca",,"=""1250857430""","=""9781250857439""",0,4.16,Wednesday Books,Hardcover,357,2023,2023,,2024/07/12,to-read,to-read (#8),to-read,,,,0,0
197577021,"Tangled Up in You (Meant to Be, #4)",Christina Lauren,"Lauren, Christina",,"=""1368092837""","=""9781368092838""",0,3.90,Hyperion Avenue,Paperback,320,2024,2024,,2024/07/12,to-read,to-read (#7),to-read,,,,0,0
60192737,Pen Pal,J.T. Geissinger,"Geissinger, J.T.",,"=""""","=""""",0,4.14,"J.T. Geissinger, Inc.",Kindle Edition,320,2022,2022,,2024/07/12,to-read,to-read (#6),to-read,,,,0,0
50659467,"A Court of Thorns and Roses (A Court of Thorns and Roses, #1)",Sarah J. Maas,"Maas, Sarah J.",,"=""1635575567""","=""9781635575569""",0,4.17,Bloomsbury Publishing,Paperback,419,2020,2015,,2024/07/12,to-read,to-read (#5),to-read,,,,0,0
22822858,A Little Life,Hanya Yanagihara,"Yanagihara, Hanya",,"=""0385539258""","=""9780385539258""",0,4.29,Doubleday,Hardcover,720,2015,2015,,2024/07/12,to-read,to-read (#4),to-read,,,,0,0
165940202,"A Fate Inked in Blood (Saga of the Unfated, #1)",Danielle L. Jensen,"Jensen, Danielle L.",,"=""0593599837""","=""9780593599839""",0,3.93,Del Rey,Hardcover,419,2024,2024,,2024/07/12,to-read,to-read (#3),to-read,,,,0,0
60714999,"The Serpent and the Wings of Night (Crowns of Nyaxia, #1)",Carissa Broadbent,"Broadbent, Carissa",,"=""""","=""""",0,4.29,Independently Published,Kindle Edition,504,2022,2022,,2024/07/12,to-read,to-read (#2),to-read,,,,0,0
45892228,"Crave (Crave, #1)",Tracy Wolff,"Wolff, Tracy",,"=""1640638954""","=""9781640638952""",0,3.77,Entangled: Teen,Hardcover,575,2020,2020,,2024/07/12,to-read,to-read (#1),to-read,,,,0,0
173957959,"Truly, Madly, Deeply",Alexandria Bellefleur,"Bellefleur, Alexandria",,"=""0063258536""","=""9780063258532""",4,3.75,Avon,Paperback,336,2024,2024,2024/05/13,2024/07/12,,,read,,,,1,0
35959740,Circe,Madeline Miller,"Miller, Madeline",,"=""0316556343""","=""9780316556347""",3,4.22,"Little, Brown and Company",Hardcover,393,2018,2018,,2024/07/12,,,read,,,,1,0
38739562,With the Fire on High,Elizabeth Acevedo,"Acevedo, Elizabeth",,"=""0062662856""","=""9780062662859""",4,4.17,Quill Tree Books,ebook,395,2019,2019,,2024/07/12,,,read,,,,1,0
37584991,"The Proposal (The Wedding Date, #2)",Jasmine Guillory,"Guillory, Jasmine",,"=""0399587683""","=""9780399587689""",3,3.47,Berkley,Paperback,325,2018,2018,,2024/07/12,,,read,,,,1,0
54416144,Home Is Not a Country,Safia Elhillo,"Elhillo, Safia",,"=""0593177053""","=""9780593177051""",4,4.20,Make Me a World,Hardcover,224,2021,2021,,2024/07/12,,,read,,,,1,0
34506912,The Prince and the Dressmaker,Jen Wang,"Wang, Jen",,"=""162672363X""","=""9781626723634""",4,4.33,First Second,Paperback,277,2018,2018,,2024/07/12,,,read,,,,1,0
56197428,"A Lot Like Adiós (Primas of Power, #2)",Alexis Daria,"Daria, Alexis",,"=""0062959964""","=""9780062959966""",4,3.70,Avon,Paperback,387,2021,2021,,2024/07/12,,,read,,,,1,0
52886627,"You Had Me at Hola (Primas of Power, #1)",Alexis Daria,"Daria, Alexis",,"=""006295993X""","=""9780062959935""",4,3.68,Avon,ebook,384,2020,2020,,2024/07/12,,,read,,,,1,0
59088365,Honey & Spice,Bolu Babalola,"Babalola, Bolu",,"=""0063141485""","=""9780063141483""",5,3.91,William Morrow,Hardcover,368,2022,2022,,2024/07/12,,,read,,,,1,0
202322798,The Fabric of Our Souls,K.M. Moronova,"Moronova, K.M.",,"=""""","=""9798863398570""",4,4.14,Independently published,Paperback,362,2023,2023,2024/02/13,2024/07/12,,,read,,,,1,0
60417459,Better Than Fiction,Alexa  Martin,"Martin, Alexa",,"=""0593337220""","=""9780593337226""",4,3.41,Berkley,Paperback,336,2022,2022,2024/02/13,2024/07/12,,,read,,,,1,0
49397758,Grown,Tiffany D. Jackson,"Jackson, Tiffany D.",,"=""0062840355""","=""9780062840356""",4,4.24,Quill Tree Books,Hardcover,384,2020,2020,,2024/07/12,,,read,,,,1,0
123255391,"The Graham Effect (Campus Diaries, #1)",Elle Kennedy,"Kennedy, Elle",,"=""1990101186""","=""9781990101182""",4,4.18,EKI,Kindle Edition,498,2023,2023,,2024/07/12,,,read,,,,1,0
199244880,"Once You're Mine (Possessing Her, #1)",Morgan Bridges,"Bridges, Morgan",,"=""""","=""""",3,3.64,Building Bridges Publishing,Kindle Edition,308,2023,2023,2024/02/13,2024/07/12,,,read,,,,1,0
59420466,"Give Me More (Salacious Players Club, #3)",Sara Cate,"Cate, Sara",,"=""""","=""""",4,4.16,,Kindle Edition,358,2022,2022,2024/03/13,2024/07/12,,,read,,,,1,0
60416566,"Praise (Salacious Players Club, #1)",Sara Cate,"Cate, Sara",,"=""""","=""9781956830149""",4,4.11,Sara Cate Books LLC,Paperback,341,2022,2022,2024/02/19,2024/07/12,,,read,,,,1,0
58283080,"Hook, Line, and Sinker (Bellinger Sisters, #2)",Tessa Bailey,"Bailey, Tessa",,"=""0063045699""","=""9780063045699""",4,3.89,Avon,Paperback,353,2022,2022,,2024/07/12,,,read,4.5 ⭐️,,,1,0
39338454,"The Bride Test (The Kiss Quotient, #2)",Helen Hoang,"Hoang, Helen",,"=""0451490827""","=""9780451490827""",3,3.81,Berkley,Paperback,320,2019,2019,,2024/07/12,,,read,,,,1,0
50056075,"The Heart Principle (The Kiss Quotient, #3)",Helen Hoang,"Hoang, Helen",,"=""0451490843""","=""9780451490841""",3,3.93,Berkley,Paperback,339,2021,2021,,2024/07/12,,,read,,,,1,0
181344829,"Bride (Bride, #1)",Ali Hazelwood,"Hazelwood, Ali",,"=""""","=""""",4,3.99,Berkley,Kindle Edition,410,2024,2024,2024/04/13,2024/07/12,,,read,,,,1,0
38350873,The Worst Best Man,Lucy Score,"Score, Lucy",,"=""""","=""""",3,4.08,That's What She Said Publishing,ebook,448,2018,2018,2024/04/01,2024/07/12,,,read,,,,1,0
75491526,"King of Sloth (Kings of Sin, #4)",Ana Huang,"Huang, Ana",,"=""""","=""""",5,4.00,,Kindle Edition,466,2024,2024,2024/04/13,2024/07/12,,,read,,,,1,0
124943221,"King of Greed (Kings of Sin, #3)",Ana Huang,"Huang, Ana",,"=""""","=""""",3,3.92,,Kindle Edition,352,2023,2023,,2024/07/12,,,read,,,,1,0
62994279,"King of Pride (Kings of Sin, #2)",Ana Huang,"Huang, Ana",,"=""""","=""""",4,3.92,,Kindle Edition,358,2023,2023,,2024/07/12,,,read,,,,1,0
60217302,"Twisted Lies (Twisted, #4)",Ana Huang,"Huang, Ana",,"=""""","=""""",5,4.18,,Kindle Edition,530,2022,2022,,2024/07/12,,,read,,,,1,0
56688531,"Twisted Hate (Twisted, #3)",Ana Huang,"Huang, Ana",,"=""""","=""""",3,3.96,,Kindle Edition,522,2022,2022,,2024/07/12,,,read,,,,1,0
56653002,"Twisted Games (Twisted, #2)",Ana Huang,"Huang, Ana",,"=""""","=""""",5,4.09,,Kindle Edition,456,2021,2021,,2024/07/12,,,read,,,,1,0
55817097,"Twisted Love (Twisted, #1)",Ana Huang,"Huang, Ana",,"=""""","=""""",4,3.72,,Kindle Edition,360,2021,2021,2024/02/13,2024/07/12,,,read,,,,1,0
11870085,The Fault in Our Stars,John Green,"Green, John",,"=""""","=""""",5,4.13,Dutton Books,Hardcover,313,2012,2012,,2024/07/11,,,read,,,,1,0
90202302,"Iron Flame (The Empyrean, #2)",Rebecca Yarros,"Yarros, Rebecca",,"=""1649374178""","=""9781649374172""",4,4.37,Entangled: Red Tower Books,Hardcover,623,2023,2023,,2024/07/11,,,read,,,,1,0
50623864,The Invisible Life of Addie LaRue,V.E. Schwab,"Schwab, V.E.",,"=""0765387565""","=""9780765387561""",3,4.17,Tor Books,Hardcover,448,2020,2020,,2024/07/11,,,read,,,,1,0
61431922,"Fourth Wing (The Empyrean, #1)",Rebecca Yarros,"Yarros, Rebecca",,"=""1649374046""","=""9781649374042""",5,4.58,Entangled: Red Tower Books,Hardcover,517,2023,2023,2023/09/12,2024/07/11,,,read,,,,1,0
13623848,The Song of Achilles,Madeline Miller,"Miller, Madeline",,"=""""","=""""",3,4.31,Ecco,Paperback,408,2012,2011,,2024/07/11,,,read,,,,1,0
55659629,"It Happened One Summer (Bellinger Sisters, #1)",Tessa Bailey,"Bailey, Tessa",,"=""0063045656""","=""9780063045651""",5,3.92,Avon,Paperback,397,2021,2021,,2024/07/11,,,read,,,,1,0
36199084,"The Kiss Quotient (The Kiss Quotient, #1)",Helen Hoang,"Hoang, Helen",,"=""0451490819""","=""""",3,3.88,Berkley,Kindle Edition,323,2018,2018,,2024/07/11,,,read,,,,1,0
42201431,"The Unhoneymooners (Unhoneymooners, #1)",Christina Lauren,"Lauren, Christina",,"=""1501128035""","=""9781501128035""",5,3.90,Gallery Books,Paperback,432,2019,2019,,2024/07/11,,,read,,,,1,0
58690308,Book Lovers,Emily Henry,"Henry, Emily",,"=""0593334833""","=""9780593334836""",4,4.11,Berkley,Paperback,377,2022,2022,,2024/07/11,,,read,,,,1,0
41150487,"Red, White & Royal Blue",Casey McQuiston,"McQuiston, Casey",,"=""1250316774""","=""9781250316776""",4,4.06,St. Martin's Griffin,Paperback,448,2019,2019,,2024/07/11,,,read,,,,1,0
